<?xml version="1.0" encoding="UTF-8"?>
<DEFECTS>
  <DEFECT>
    <SFA>
      <FILEPATH>C:\Users\tyler.charles_snhu\source\repos\Project3\Project3\</FILEPATH>
      <FILENAME>Source.cpp</FILENAME>
      <LINE>77</LINE>
      <COLUMN>1</COLUMN>
    </SFA>
    <DEFECTCODE>6011</DEFECTCODE>
    <DESCRIPTION>Dereferencing NULL pointer '_py_decref_tmp'. </DESCRIPTION>
    <FUNCTION>callIntFunc</FUNCTION>
    <DECORATED>?callIntFunc@@YAHV?$basic_string@DU?$char_traits@D@std@@V?$allocator@D@2@@std@@0@Z</DECORATED>
    <FUNCLINE>45</FUNCLINE>
    <PROBABILITY>1</PROBABILITY>
    <RANK>4</RANK>
    <CATEGORY>
      <RULECATEGORY>mspft</RULECATEGORY>
    </CATEGORY>
    <PATH>
      <SFA>
        <FILEPATH>C:\Users\tyler.charles_snhu\source\repos\Project3\Project3\</FILEPATH>
        <FILENAME>Source.cpp</FILENAME>
        <LINE>47</LINE>
        <COLUMN>5</COLUMN>
      </SFA>
      <SFA>
        <FILEPATH>C:\Users\tyler.charles_snhu\source\repos\Project3\Project3\</FILEPATH>
        <FILENAME>Source.cpp</FILENAME>
        <LINE>48</LINE>
        <COLUMN>12</COLUMN>
      </SFA>
      <SFA>
        <FILEPATH>C:\Users\tyler.charles_snhu\source\repos\Project3\Project3\</FILEPATH>
        <FILENAME>Source.cpp</FILENAME>
        <LINE>50</LINE>
        <COLUMN>5</COLUMN>
      </SFA>
      <SFA>
        <FILEPATH>C:\Users\tyler.charles_snhu\source\repos\Project3\Project3\</FILEPATH>
        <FILENAME>Source.cpp</FILENAME>
        <LINE>51</LINE>
        <COLUMN>12</COLUMN>
      </SFA>
      <SFA>
        <FILEPATH>C:\Users\tyler.charles_snhu\source\repos\Project3\Project3\</FILEPATH>
        <FILENAME>Source.cpp</FILENAME>
        <LINE>54</LINE>
        <COLUMN>11</COLUMN>
      </SFA>
      <SFA>
        <FILEPATH>C:\Users\tyler.charles_snhu\source\repos\Project3\Project3\</FILEPATH>
        <FILENAME>Source.cpp</FILENAME>
        <LINE>54</LINE>
        <COLUMN>20</COLUMN>
      </SFA>
      <SFA>
        <FILEPATH>C:\Users\tyler.charles_snhu\source\repos\Project3\Project3\</FILEPATH>
        <FILENAME>Source.cpp</FILENAME>
        <LINE>54</LINE>
        <COLUMN>31</COLUMN>
      </SFA>
      <SFA>
        <FILEPATH>C:\Users\tyler.charles_snhu\source\repos\Project3\Project3\</FILEPATH>
        <FILENAME>Source.cpp</FILENAME>
        <LINE>54</LINE>
        <COLUMN>40</COLUMN>
      </SFA>
      <SFA>
        <FILEPATH>C:\Users\tyler.charles_snhu\source\repos\Project3\Project3\</FILEPATH>
        <FILENAME>Source.cpp</FILENAME>
        <LINE>54</LINE>
        <COLUMN>47</COLUMN>
      </SFA>
      <SFA>
        <FILEPATH>C:\Users\tyler.charles_snhu\source\repos\Project3\Project3\</FILEPATH>
        <FILENAME>Source.cpp</FILENAME>
        <LINE>54</LINE>
        <COLUMN>67</COLUMN>
      </SFA>
      <SFA>
        <FILEPATH>C:\Users\tyler.charles_snhu\source\repos\Project3\Project3\</FILEPATH>
        <FILENAME>Source.cpp</FILENAME>
        <LINE>56</LINE>
        <COLUMN>14</COLUMN>
      </SFA>
      <SFA>
        <FILEPATH>C:\Users\tyler.charles_snhu\source\repos\Project3\Project3\</FILEPATH>
        <FILENAME>Source.cpp</FILENAME>
        <LINE>58</LINE>
        <COLUMN>7</COLUMN>
      </SFA>
      <SFA>
        <FILEPATH>C:\Users\tyler.charles_snhu\source\repos\Project3\Project3\</FILEPATH>
        <FILENAME>Source.cpp</FILENAME>
        <LINE>60</LINE>
        <COLUMN>9</COLUMN>
      </SFA>
      <SFA>
        <FILEPATH>C:\Users\tyler.charles_snhu\source\repos\Project3\Project3\</FILEPATH>
        <FILENAME>Source.cpp</FILENAME>
        <LINE>62</LINE>
        <COLUMN>7</COLUMN>
      </SFA>
      <SFA>
        <FILEPATH>C:\Users\tyler.charles_snhu\source\repos\Project3\Project3\</FILEPATH>
        <FILENAME>Source.cpp</FILENAME>
        <LINE>64</LINE>
        <COLUMN>7</COLUMN>
      </SFA>
      <SFA>
        <FILEPATH>C:\Users\tyler.charles_snhu\source\repos\Project3\Project3\</FILEPATH>
        <FILENAME>Source.cpp</FILENAME>
        <LINE>65</LINE>
        <COLUMN>21</COLUMN>
      </SFA>
      <SFA>
        <FILEPATH>C:\Users\tyler.charles_snhu\source\repos\Project3\Project3\</FILEPATH>
        <FILENAME>Source.cpp</FILENAME>
        <LINE>74</LINE>
        <COLUMN>13</COLUMN>
      </SFA>
      <SFA>
        <FILEPATH>C:\Users\tyler.charles_snhu\source\repos\Project3\Project3\</FILEPATH>
        <FILENAME>Source.cpp</FILENAME>
        <LINE>77</LINE>
        <COLUMN>1</COLUMN>
        <KEYEVENT>
          <ID>1</ID>
          <KIND>declaration</KIND>
          <IMPORTANCE>Essential</IMPORTANCE>
          <MESSAGE>'_py_decref_tmp' may be NULL</MESSAGE>
        </KEYEVENT>
      </SFA>
      <SFA>
        <FILEPATH>C:\Users\tyler.charles_snhu\source\repos\Project3\Project3\</FILEPATH>
        <FILENAME>Source.cpp</FILENAME>
        <LINE>77</LINE>
        <COLUMN>1</COLUMN>
        <KEYEVENT>
          <ID>2</ID>
          <KIND>usage</KIND>
          <IMPORTANCE>Essential</IMPORTANCE>
          <MESSAGE>'_py_decref_tmp' is dereferenced, but may still be NULL</MESSAGE>
        </KEYEVENT>
      </SFA>
    </PATH>
  </DEFECT>
  <DEFECT>
    <SFA>
      <FILEPATH>C:\Users\tyler.charles_snhu\source\repos\Project3\Project3\</FILEPATH>
      <FILENAME>Source.cpp</FILENAME>
      <LINE>128</LINE>
      <COLUMN>1</COLUMN>
    </SFA>
    <DEFECTCODE>6011</DEFECTCODE>
    <DESCRIPTION>Dereferencing NULL pointer '_py_decref_tmp'. </DESCRIPTION>
    <FUNCTION>callIntFunc</FUNCTION>
    <DECORATED>?callIntFunc@@YAHV?$basic_string@DU?$char_traits@D@std@@V?$allocator@D@2@@std@@H@Z</DECORATED>
    <FUNCLINE>100</FUNCLINE>
    <PROBABILITY>1</PROBABILITY>
    <RANK>4</RANK>
    <CATEGORY>
      <RULECATEGORY>mspft</RULECATEGORY>
    </CATEGORY>
    <PATH>
      <SFA>
        <FILEPATH>C:\Users\tyler.charles_snhu\source\repos\Project3\Project3\</FILEPATH>
        <FILENAME>Source.cpp</FILENAME>
        <LINE>102</LINE>
        <COLUMN>5</COLUMN>
      </SFA>
      <SFA>
        <FILEPATH>C:\Users\tyler.charles_snhu\source\repos\Project3\Project3\</FILEPATH>
        <FILENAME>Source.cpp</FILENAME>
        <LINE>103</LINE>
        <COLUMN>12</COLUMN>
      </SFA>
      <SFA>
        <FILEPATH>C:\Users\tyler.charles_snhu\source\repos\Project3\Project3\</FILEPATH>
        <FILENAME>Source.cpp</FILENAME>
        <LINE>105</LINE>
        <COLUMN>11</COLUMN>
      </SFA>
      <SFA>
        <FILEPATH>C:\Users\tyler.charles_snhu\source\repos\Project3\Project3\</FILEPATH>
        <FILENAME>Source.cpp</FILENAME>
        <LINE>105</LINE>
        <COLUMN>20</COLUMN>
      </SFA>
      <SFA>
        <FILEPATH>C:\Users\tyler.charles_snhu\source\repos\Project3\Project3\</FILEPATH>
        <FILENAME>Source.cpp</FILENAME>
        <LINE>105</LINE>
        <COLUMN>31</COLUMN>
      </SFA>
      <SFA>
        <FILEPATH>C:\Users\tyler.charles_snhu\source\repos\Project3\Project3\</FILEPATH>
        <FILENAME>Source.cpp</FILENAME>
        <LINE>105</LINE>
        <COLUMN>40</COLUMN>
      </SFA>
      <SFA>
        <FILEPATH>C:\Users\tyler.charles_snhu\source\repos\Project3\Project3\</FILEPATH>
        <FILENAME>Source.cpp</FILENAME>
        <LINE>105</LINE>
        <COLUMN>47</COLUMN>
      </SFA>
      <SFA>
        <FILEPATH>C:\Users\tyler.charles_snhu\source\repos\Project3\Project3\</FILEPATH>
        <FILENAME>Source.cpp</FILENAME>
        <LINE>105</LINE>
        <COLUMN>67</COLUMN>
      </SFA>
      <SFA>
        <FILEPATH>C:\Users\tyler.charles_snhu\source\repos\Project3\Project3\</FILEPATH>
        <FILENAME>Source.cpp</FILENAME>
        <LINE>107</LINE>
        <COLUMN>14</COLUMN>
      </SFA>
      <SFA>
        <FILEPATH>C:\Users\tyler.charles_snhu\source\repos\Project3\Project3\</FILEPATH>
        <FILENAME>Source.cpp</FILENAME>
        <LINE>109</LINE>
        <COLUMN>7</COLUMN>
      </SFA>
      <SFA>
        <FILEPATH>C:\Users\tyler.charles_snhu\source\repos\Project3\Project3\</FILEPATH>
        <FILENAME>Source.cpp</FILENAME>
        <LINE>111</LINE>
        <COLUMN>9</COLUMN>
      </SFA>
      <SFA>
        <FILEPATH>C:\Users\tyler.charles_snhu\source\repos\Project3\Project3\</FILEPATH>
        <FILENAME>Source.cpp</FILENAME>
        <LINE>113</LINE>
        <COLUMN>7</COLUMN>
      </SFA>
      <SFA>
        <FILEPATH>C:\Users\tyler.charles_snhu\source\repos\Project3\Project3\</FILEPATH>
        <FILENAME>Source.cpp</FILENAME>
        <LINE>115</LINE>
        <COLUMN>7</COLUMN>
      </SFA>
      <SFA>
        <FILEPATH>C:\Users\tyler.charles_snhu\source\repos\Project3\Project3\</FILEPATH>
        <FILENAME>Source.cpp</FILENAME>
        <LINE>116</LINE>
        <COLUMN>21</COLUMN>
      </SFA>
      <SFA>
        <FILEPATH>C:\Users\tyler.charles_snhu\source\repos\Project3\Project3\</FILEPATH>
        <FILENAME>Source.cpp</FILENAME>
        <LINE>125</LINE>
        <COLUMN>13</COLUMN>
      </SFA>
      <SFA>
        <FILEPATH>C:\Users\tyler.charles_snhu\source\repos\Project3\Project3\</FILEPATH>
        <FILENAME>Source.cpp</FILENAME>
        <LINE>128</LINE>
        <COLUMN>1</COLUMN>
        <KEYEVENT>
          <ID>1</ID>
          <KIND>declaration</KIND>
          <IMPORTANCE>Essential</IMPORTANCE>
          <MESSAGE>'_py_decref_tmp' may be NULL</MESSAGE>
        </KEYEVENT>
      </SFA>
      <SFA>
        <FILEPATH>C:\Users\tyler.charles_snhu\source\repos\Project3\Project3\</FILEPATH>
        <FILENAME>Source.cpp</FILENAME>
        <LINE>128</LINE>
        <COLUMN>1</COLUMN>
        <KEYEVENT>
          <ID>2</ID>
          <KIND>usage</KIND>
          <IMPORTANCE>Essential</IMPORTANCE>
          <MESSAGE>'_py_decref_tmp' is dereferenced, but may still be NULL</MESSAGE>
        </KEYEVENT>
      </SFA>
    </PATH>
  </DEFECT>
</DEFECTS>